Export Date,Contact Name,Email,Phone,Job Title,Business Name,Website,Category,Review Count,Review Rating,Address,Status,Description,Place ID
2026-08-06 14:33:02,Info/Office,contactus@plumbtreeplumbing.com,+14085168746,General Contact,Plumbtree Plumbing & Rooter,https://plumbtreeplumbing.com/?utm_campaign=gmb&utm_medium=organic&utm_source=google,"Plumber, Drainage service, Hot water system supplier, Water filter supplier, Water softening equipment supplier",869,4.9,"210 Paraiso Ct, San Jose, CA 95119",,,ChIJpWuLJfgvjoARCIrnxriTCh0
2026-08-06 14:33:02,Info/Office,info@fluiddynamicsplumbing.com,+14087693803,General Contact,"Fluid Dynamics Plumbing, Inc.",https://www.fluiddynamicsplumbing.com/?utm_source=google&utm_medium=gbp,Plumber,119,4.9,"128 E St John St, San Jose, CA 95112",,,ChIJ1YxSCiXNj4ARTv45lazjeWY
2026-08-06 14:33:02,Info/Office,service@flowcityplumbing.com,+14088060696,General Contact,Flow City Plumbing,https://flowcityplumbing.com/,Plumber,56,5.0,"1185 Campbell Ave L8, San Jose, CA 95126",,,ChIJBTlFkGPLQwoRaVk429Q7c9s
2026-08-06 14:33:02,Info/Office,info@samiandsons.com,+14087709455,General Contact,Sami and Sons Construction,https://samiandsons.com/,Construction company,32,4.7,"18 S Second St, San Jose, CA 95113",,,ChIJX7PjB9bIj4ARzfcMDCMEYkQ
2026-08-06 14:33:02,Info/Office,chandlersplumbing@gmail.com,+14084493443,General Contact,Chandlers Plumbing - Water Heater & Sewer Repair Specialists,http://chandlersplumbing.us/,Plumber,184,4.8,"2230 Will Wool Dr, San Jose, CA 95112",,,ChIJO4_mf-cyjoAREUKvgj5E59Q
2026-08-06 14:33:02,Info/Office,gomezseweranddrain@gmail.com,+14088497292,General Contact,Gomez Sewer and Drain,https://gomezseweranddrain.com/,"Plumber, Drainage service, Gas installation service, Hot water system supplier, Septic system service, Water filter supplier",32,4.5,"255 Sunol St, San Jose, CA 95126",,,ChIJZYlz5FnLj4ARTK4Vu4r85kc
2026-08-06 14:33:02,Info/Office,abarcasrepipeplumbinginc@gmail.com,+16692268147,General Contact,ABARCAS REPIPE & PLUMBING INC,https://abarcasrepipeandplumbing.com/,"Plumber, Drainage service, Service establishment",25,5.0,,,,ChIJL8U5ilVcrIsRrLIMWC2gGRU
2026-08-06 14:33:02,Info/Office,info@charleysplumbing.com,+14088357229,General Contact,Charleys Plumbing,http://charleysplumbing.com/,Plumber,21,5.0,"1315 Piedmont Rd Ste#32692, San Jose, CA 95132",,,ChIJD7wddL7Nj4ARSTXD-FrfOCM
2026-08-06 14:33:02,Info/Office,info@up-waterheaters.com,+16506135090,General Contact,United Plumbing & Water Heaters,https://plumbing-united.com/sanjose/?utm_source=gmb&utm_medium=sanjose,"Plumber, Boiler manufacturer, Boiler supplier, Drainage service, Hot water system supplier, Sewage disposal service, Water filter supplier, Water treatment supplier, Water works",147,5.0,"3314 Victor Ct, Santa Clara, CA 95054",,,ChIJb6AixH_Lj4ARUmUuEwbTsuk
2026-08-06 14:33:02,Info/Office,service@trenchfree.com,+14087267926,General Contact,TrenchFree,https://www.trenchfree.com/,"Plumber, General contractor, Handyman/Handywoman/Handyperson, Pipe supplier, Repair service, Utility contractor",28,4.6,"1941 Stone Ave, San Jose, CA 95125",,,ChIJW2_2tvkyjoARsjjR5X7n_7E
2026-08-06 14:33:02,Info/Office,goldstarplumbing22@gmail.com,+16692602423,General Contact,Gold Star Plumbing,https://goldstarplumbingcorp.net/,"Plumber, Service establishment",1,5.0,,,,ChIJ1XmYiIurMoURAE8kNioMooA
2026-08-06 14:33:02,Info/Office,marty_satalinojr@waterqualityplumbing.com,+14082679330,General Contact,Water Quality Plumbing,http://www.waterqualityplumbing.com/,Plumber,40,4.8,"1716 Stone Ave, San Jose, CA 95125",,,ChIJIUm7MWszjoARpa4Mn5_HUU8
2026-08-06 14:33:02,Info/Office,gladiatorrepipe@gmail.com,+14087161639,General Contact,Gladiator Repipe & Plumbing San Jose,https://gladiatorrepipe.com/?utm_campaign=gmb,"Plumber, Drainage service",359,4.8,"541 W Capitol Expy Ste 10, San Jose, CA 95136",,,ChIJdV1Z9koyjoARiYr3zgk4BXk
2026-08-06 14:33:02,Info/Office,jmwaterheatersanddrains@gmail.com,+14085472251,General Contact,JM Water Heaters & Drains,http://jmwaterheatersanddrains.com/?utm_campaign=gmb,"Plumber, Service establishment",252,5.0,,,,ChIJM4T2wG5VdyUR6DhHOY5Rs1g
2026-08-06 14:33:02,Info/Office,1500seweranddrain@gmail.com,+14082791515,General Contact,$15 Sewer & Drain Service,https://15sewer.com/,"Plumber, Drainage service, Repair service",686,4.8,"166 Graham Ave, San Jose, CA 95110",,,ChIJ1_P04UdwuKYRwvVxSD4GMA4
2026-08-06 14:33:02,Info/Office,freddy@freeundergroundestimates.com,+14086936018,General Contact,"Freedom Underground Plumbing -- Solving your Water, Sewer and Electrical Conduit Needs",https://builtwithfreedom.com/,"Plumber, Drainage service, Gas installation service, Repair service, Utility contractor",71,4.9,"546 McKendrie St, San Jose, CA 95110",,,ChIJW2_2tvkyjoARBlYu-kr06Fk
2026-08-06 14:33:02,Info/Office,service@eliterootermgt.com,+14088271315,General Contact,Elite Rooter,https://www.eliterooter.com/location/san-jose/?utm_source=google&utm_medium=organic&utm_campaign=gmb,"Plumber, Drainage service, Hot water system supplier, Septic system service, Water filter supplier, Water softening equipment supplier, Water treatment supplier",1358,4.7,"245 Kinney Dr, San Jose, CA 95112",,,ChIJN0jGvBfLj4ARPhhNZ8lIQeY
2026-08-06 14:33:02,Info/Office,marcm@ablesewer.com,+14083779990,General Contact,"Able Plumbing, Sewer, and Drain",https://www.ablesewer.com/,"Plumber, Septic system service",28,4.1,"1020 Ruff Dr, San Jose, CA 95110",,,ChIJV6ebq4LLj4ARZZxLBkh2eOI
2026-08-06 14:33:02,Info/Office,askmike@mcplumbing.com,+14087036111,General Contact,Mike Counsil Plumbing and Rooter,https://mcplumbing.com/?utm_source=google&utm_medium=profile&utm_campaign=sj,Plumber,1656,4.8,"1915 O'Toole Way, San Jose, CA 95131",,,ChIJZ_fVc_nLj4AR7WJqiL367hQ
2026-08-06 14:33:02,Info/Office,service@bayareaplumbing.com,+14086619985,General Contact,"Bay Area Plumbing, Rooter & Services",https://bayareaplumbingandrooter.com/,"Plumber, Drainage service",83,5.0,"1340 Tully Rd #314, San Jose, CA 95122",,,ChIJeXy9RGAzjoARagvOjbSslmI
2026-08-06 14:33:02,Info/Office,bestbayplumbing1@gmail.com,+16692783975,General Contact,Best Bay Plumbing And Rooter,http://www.bestbayplumbingandrooter.com/,Plumber,51,5.0,"454 Reynolds Cir A, San Jose, CA 95112",,,ChIJ___DzZ4yjoARsoBQwB9-SlI
2026-08-06 14:33:02,Info/Office,gspsewerdraininc@gmail.com,+14088492329,General Contact,Golden State Plumbing,http://gsplumbersanjose.com/,"Plumber, Service establishment",17,5.0,,,,ChIJRTgY5RfNj4AR5VdYW-ZTDDQ
2026-08-06 14:33:02,Info/Office,aasuperiorplumbing@gmail.com,+14089445275,General Contact,Superior Plumbing,https://www.superiorplumbing.net/?utm_campaign=gmb&utm_medium=organic&utm_source=gmb,"Plumber, Contractor, Drainage service, Hot water system supplier, Repair service, Septic system service, Water purification company",452,4.9,"6132 Bollinger Rd, San Jose, CA 95129",,,ChIJncw02NsgjoARZSSjmaasQmg
2026-08-06 14:33:02,Info/Office,info@1hourdrain.com,+18886036886,General Contact,1 Hour Drain,http://1hourdrain.com/,Plumber,21,4.1,"1280 N 10th St, San Jose, CA 95112",,,ChIJK0xfs1_Mj4AR_YDJMRh5Gmg
2026-08-06 14:33:02,Info/Office,repipe@1dayallprorepipes.com,+14083328571,General Contact,All Pro Repipes Inc,https://1dayallprorepipes.com/,Plumber,18,4.3,"2684 Pacer Ln, San Jose, CA 95111",,,ChIJ51VaQ7bMj4ARQrCe78SS0gw
2026-08-06 14:33:02,Info/Office,service@rayneplumbing.com,+14082830600,General Contact,"Rayne Plumbing & Sewer Service, Inc.",http://www.rayneplumbing.com/,"Plumber, Boiler supplier, Gas installation service",0,4.5,"517 Madera Ave, San Jose, CA 95112",,,
2026-08-06 14:33:02,Info/Office,privacy@benfranklinplumbing.com,+14086457519,General Contact,Benjamin Franklin Plumbing - San Jose,https://bfplumbingbayarea.com/plumber-san-jose/?utm_campaign=gmb,Plumber,879,4.8,"1609 Regatta Ln B, San Jose, CA 95112",,,ChIJVVVVVVHMj4ARri0HtcjsSWM
2026-08-06 14:33:02,Info/Office,service@cpiservice.com,+14085396672,General Contact,"CPI Service, Plumbing, Heating & Cooling",https://cpiservice.com/plumber-san-jose/?utm_source=google&utm_medium=organic&utm_campaign=gmb,"Plumber, Air conditioning contractor, Drainage service, Gas installation service, HVAC contractor",0,4.9,"2880 Aiello Dr, San Jose, CA 95111",,,
2026-08-06 14:33:02,Info/Office,plumbingtech1@yahoo.com,+14088362492,General Contact,Plumbing Tech inc.,https://www.rootersanjose.com/,"Plumber, Drainage service, Service establishment",0,5.0,,,,
2026-08-06 14:33:02,Info/Office,support@almadenvalleyplumbing.com,+14082686923,General Contact,Almaden Valley Plumbing,http://almadenvalleyplumbing.com/,"Plumber, Service establishment",0,5.0,,,,
2026-08-06 14:33:02,Info/Office,kbuenoplumbing@gmail.com,+14084402728,General Contact,Bueno Plumbing and Rooter,https://www.buenoplumbing.com/,"Plumber, Contractor, Drainage service, Gas installation service",0,4.9,"4954 Rue Calais, San Jose, CA 95136",,,
2026-08-06 14:33:02,Info/Office,info@dnpsolutions.co,+16695006030,General Contact,Drain & Plumbing Solutions Llc,https://www.dnp.solutions/,"Plumber, Drainage service",0,5.0,"1130 Starbird Cir, San Jose, CA 95117",,,
2026-08-06 14:33:02,Info/Office,sal@baylineplumbing.com,+14086910496,General Contact,Bayline Plumbing Inc.,https://baylineplumbing.com/,"Plumber, Service establishment, Repair service",0,5.0,,,,
2026-08-06 14:33:02,Info/Office,service@ribbspremierservices.com,+14085168724,General Contact,Ribbs Plumbing & Sewer,https://ribbspremierservices.com/,"Plumber, Drainage service, Septic system service",0,4.9,"2912 Daylight Way, San Jose, CA 95111",,,
2026-08-06 14:33:02,Info/Office,amkryukov@gmail.com,+14083181639,General Contact,"SAS PLUMBING, INC",http://www.sasplumbinginc.com/,"Plumber, Drainage service, Service establishment",0,5.0,,,,
2026-08-06 14:33:02,Info/Office,support@legacyprinc.com,+14086493149,General Contact,"Legacy Plumbing & Rooter, Inc.",http://legacyprinc.com/,Plumber,0,4.8,"1858 Almaden Rd #1, San Jose, CA 95125",,,
2026-08-06 14:33:02,Info/Office,service@callfalcone.com,+14082929705,General Contact,"Falcone Plumbing, Heating & Air Conditioning",http://www.callfalcone.com/,"HVAC contractor, Air conditioning contractor, Air conditioning repair service, Drainage service, Furnace repair service, Gas installation service, Heating contractor, Mechanical contractor, Plumber, Septic system service",0,4.5,"286 Barnard Ave, San Jose, CA 95125",,,
2026-08-06 14:33:02,Info/Office,kerry@westwaterplumbing.us,+14088071108,General Contact,West Water Plumbing,https://westwaterplumbing.us/,"Plumber, Service establishment",0,5.0,,,,
2026-08-06 14:33:02,Info/Office,jb408bayarea@gmail.com,+14082051443,General Contact,JB Rooter and Plumbing Inc,https://www.jbrooterandplumbing.com/,"Plumber, Drainage service",0,5.0,"2982 Mt Clare Dr, San Jose, CA 95148",,,
2026-08-06 14:33:02,Info/Office,info@ventureplumbinginc.net,+14085602832,General Contact,"Venture Plumbing, Inc.",https://www.ventureplumbinginc.net/,"Plumber, Drainage service, Handyman/Handywoman/Handyperson, Sewage disposal service, Water softening equipment supplier",0,4.9,"228 San Jose Ave, San Jose, CA 95125",,,
2026-08-06 14:33:02,Info/Office,plumbingtechandrepipe@gmail.com,+14086493848,General Contact,Plumbing Tech Repipe Specialists Inc,https://plumbingtechandrepipe.com/,Contractor,0,4.5,"2485 Autumnvale Dr Ste E, San Jose, CA 95131",,,
2026-08-06 14:33:02,Info/Office,hensamplum@gmail.com,+18188586357,General Contact,"HenSam Plumbing Services - Best Plumbing Installation & Repair, Water Leak detection",https://hensamplum.com/,"Plumber, Drainage service, Service establishment",0,5.0,,,,
2026-08-06 14:33:02,Info/Office,info@peakhomeserviceca.com,+16693366955,General Contact,PEAK Home Service,https://peakhomeserviceca.com/,"Plumber, Service establishment",0,5.0,,,,
2026-08-06 15:46:18,Info/Office,gladiatorrepipe@gmail.com,+14087161639,General Contact,Gladiator Repipe & Plumbing San Jose,https://gladiatorrepipe.com/?utm_campaign=gmb,"Plumber, Drainage service",359,4.8,"541 W Capitol Expy Ste 10, San Jose, CA 95136",,,ChIJdV1Z9koyjoARiYr3zgk4BXk
2026-08-06 15:46:18,Info/Office,askmike@mcplumbing.com,+14087036111,General Contact,Mike Counsil Plumbing and Rooter,https://mcplumbing.com/?utm_source=google&utm_medium=profile&utm_campaign=sj,Plumber,1656,4.8,"1915 O'Toole Way, San Jose, CA 95131",,,ChIJZ_fVc_nLj4AR7WJqiL367hQ
