Export Date,Contact Name,Email,Phone,Job Title,Business Name,Website,Category
2026-07-19 19:53:54,Info/Office,,+16282142700,General Contact,Chosen Rooter & Plumbing Inc.,https://www.chosenrooter.com/?utm_source=google&utm_medium=organic&utm_campaign=gbp-website-link,"Plumber, Drainage service, Gas installation service, Hot water system supplier, Water softening equipment supplier"
2026-07-19 19:53:54,Info/Office,,+14156214292,General Contact,Lutz Plumbing Inc,http://www.lutzplumbingsf.com/,"Plumber, Bathroom remodeler, Bathroom supply store, Furnace repair service, Heating contractor, Kitchen remodeler, Mechanical contractor, Plumbing supply store"
2026-07-19 19:53:54,Info/Office,,+14159062456,General Contact,Mr. Rooter Plumbing of San Francisco,https://www.mrrooter.com/san-francisco/?cid=LSTL_MRR000199&utm_source=gmb&utm_campaign=local&utm_medium=organic,"Plumber, Hot water system supplier"
2026-07-19 19:53:54,Info/Office,,+14159171088,General Contact,Advanced Plumbing & Drain,https://advancedplumbingsf.com/?utm_source=organic&utm_medium=gbp_listing,"Plumber, Drainage service, Gas installation service, Gasfitter, Hot water system supplier"
2026-07-19 19:53:54,Info/Office,,+14153600560,General Contact,"Cabrillo Plumbing, Heating & Air",https://discovercabrillo.com/?utm_source=gmb&utm_medium=organic,"Plumber, Air conditioning contractor, Air conditioning repair service, Air duct cleaning service, Drainage service, Furnace repair service, Heating contractor, Heating equipment supplier, Hot water system supplier, HVAC contractor"
2026-07-19 19:53:54,Info/Office,,+18443321335,General Contact,Plumbing Pure San Francisco CA,,"Plumber, Plumbing supply store"
2026-07-19 19:53:54,Info/Office,,+14159685558,General Contact,Genteel Plumbers,https://genteelplumbers.com/?utm_source=google&utm_medium=organic&utm_campaign=gbp_website,Plumber
2026-07-19 19:53:54,Info/Office,,+14158733774,General Contact,Precision Flow Plumbing,https://www.precisionflowplumbing.com/,"Plumber, Drainage service, Hot water system supplier"
2026-07-19 19:53:54,Info/Office,,+14155866851,General Contact,24/7 Rooter & Plumbing,http://www.24-7rooter.com/,"Plumber, Drainage service, Plumbing supply store, Water damage restoration service"
2026-07-19 19:53:54,Info/Office,,+14154412255,General Contact,Magic Plumbing Heating & Cooling,https://www.magicplumbing.com/,"Plumber, Air conditioning contractor, Air duct cleaning service, Drainage service, Furnace repair service, Gas installation service, Heating contractor, HVAC contractor"
2026-07-19 19:53:54,Info/Office,,+14153330704,General Contact,Heise's Plumbing,https://www.heisesplumbing.com/,"Plumber, Air conditioning repair service, Air duct cleaning service, Appliance repair service, Dryer vent cleaning service, Electrician, HVAC contractor, Refrigerator repair service, Small appliance repair service, Washer & dryer repair service"
2026-07-19 19:53:54,Info/Office,,+14157562371,General Contact,R & L Plumbing,https://www.rlplumbingsanfrancisco.com/,Plumber
2026-07-19 19:53:54,Info/Office,isacksonplumbing@gmail.com,+14154063511,General Contact,Isackson Plumbing,https://isacksonplumbing.com/,"Plumber, Bathroom remodeler, Contractor, Drainage service, Septic system service"
2026-07-19 19:53:54,Info/Office,service@archplumbinginc.com,+14153252547,General Contact,Arch Plumbing Inc.,http://archplumbinginc.com/,"Plumber, Contractor, Heating contractor, HVAC contractor"
2026-07-19 19:53:54,Info/Office,info@ogradyplumbing.com,+14156479200,General Contact,O'Grady Plumbing,https://ogradyplumbing.com/,"Plumber, Drainage service, Hot water system supplier, Property maintenance, Repair service, Sewage disposal service"
2026-07-19 19:53:54,Info/Office,employment@aceplumbingandrooter.com,+14158246444,General Contact,"Ace Plumbing & Rooter, Inc.",https://www.aceplumbingandrooter.com/,"Plumber, Contractor, Fire protection consultant, Fire protection equipment supplier, Fire protection system supplier, Septic system service"
2026-07-19 19:53:54,Info/Office,jnm@aceplumbingandrooter.com,+14158246444,General Contact,"Ace Plumbing & Rooter, Inc.",https://www.aceplumbingandrooter.com/,"Plumber, Contractor, Fire protection consultant, Fire protection equipment supplier, Fire protection system supplier, Septic system service"
2026-07-19 19:53:54,Info/Office,jonathan@mendatech.com,+14158246444,General Contact,"Ace Plumbing & Rooter, Inc.",https://www.aceplumbingandrooter.com/,"Plumber, Contractor, Fire protection consultant, Fire protection equipment supplier, Fire protection system supplier, Septic system service"
2026-07-19 19:53:54,Info/Office,projects@aceplumbingandrooter.com,+14158246444,General Contact,"Ace Plumbing & Rooter, Inc.",https://www.aceplumbingandrooter.com/,"Plumber, Contractor, Fire protection consultant, Fire protection equipment supplier, Fire protection system supplier, Septic system service"
2026-07-19 19:53:54,Info/Office,receivables@aceplumbingandrooter.com,+14158246444,General Contact,"Ace Plumbing & Rooter, Inc.",https://www.aceplumbingandrooter.com/,"Plumber, Contractor, Fire protection consultant, Fire protection equipment supplier, Fire protection system supplier, Septic system service"
2026-07-19 19:53:54,Info/Office,service@aceplumbingandrooter.com,+14158246444,General Contact,"Ace Plumbing & Rooter, Inc.",https://www.aceplumbingandrooter.com/,"Plumber, Contractor, Fire protection consultant, Fire protection equipment supplier, Fire protection system supplier, Septic system service"
2026-07-19 19:53:54,Info/Office,jtfastresponseplumbing@gmail.com,+14155966115,General Contact,Fast Response Plumbing & Rooter,https://fastresponseplumbingsf.com/,Plumber
2026-07-19 19:53:54,Info/Office,bayareaplumbing@yahoo.com,+14156688000,General Contact,Bay Area Plumbing,https://www.bayareaplumbingsf.com/,"Plumber, Contractor, Drainage service, Gas installation service"
2026-07-19 19:53:54,Info/Office,support@bayareaplumbing.org,+14156688000,General Contact,Bay Area Plumbing,https://www.bayareaplumbingsf.com/,"Plumber, Contractor, Drainage service, Gas installation service"
2026-07-19 19:53:54,Info/Office,admin@dprooterinc.com,+14152231661,General Contact,Discount Plumbing San Francisco,https://plumbinginsf.com/?utm_source=google-gbp&utm_medium=organic&utm_campaign=*395*discount-plumbing-san-francisco,"Plumber, Drainage service, Hot water system supplier, Water damage restoration service, Water filter supplier, Water purification company"
2026-07-19 21:55:22,Info/Office,,+14158492346,General Contact,Atlas Plumbing & Rooter,https://www.atlasplumbingandrooter.com/,Plumber
2026-07-19 21:55:22,Info/Office,,+14158730306,General Contact,Works Plumbing Repair & Drain Cleaning,https://worksplumbing.com/plumbing-san-francisco/,"Plumber, Bathroom Renovator, Drainage service, Kitchen Renovator, Water filter supplier, Water softening equipment supplier"
2026-07-20 12:35:15,Info/Office,,+14082141270,General Contact,Crown Plumbing,https://www.crownplumbingsanjose.com/?utm_source=organic&utm_medium=gbp_listing.,"Plumber, Bathroom Renovator, Drainage service, Gas installation service, Gasfitter, Hot water system supplier, Water filter supplier, Water treatment supplier"
2026-07-20 12:35:15,Info/Office,,+14083511994,General Contact,"Super Brothers Plumbing, Heating & Air - San Jose",https://www.superbrothers.com/cities/san-jose/?utm_campaign=gmb,"Plumber, Air conditioning contractor, Air conditioning repair shop, Bathroom Renovator, Drainage service, Electrician, Furnace repair service, Gasfitter, Central Heating Service, HVAC contractor"
2026-07-20 12:35:15,Info/Office,,+14086228183,General Contact,SPS Plumbing - Water Heater Repair & Installation,https://www.spsplumbing.biz/,Plumber
2026-07-20 12:35:15,Info/Office,,+14083753190,General Contact,Marti's Plumbing San Jose,,Plumber
2026-07-20 12:35:15,Info/Office,,+14082154612,General Contact,Genmor Plumbers - San Jose,https://www.genmorplumbing.com/,"Plumber, Drainage service, Remodeller"
2026-07-20 12:35:15,Info/Office,,+14084098088,General Contact,Allstar Plumbing,https://goallstar.com/,"Plumber, Drainage service"
2026-07-20 12:35:15,Info/Office,,+14088542863,General Contact,San Jose Drain and Main,,"Plumber, Pump supplier"
2026-07-20 12:35:15,Info/Office,,+14086681532,General Contact,Mr. Reliable Plumbing & Heating,https://mrreliablephc.com/?utm_campaign=gmb,"Plumber, Air conditioning contractor, Drainage service, Furnace repair service, HVAC contractor"
2026-07-20 12:35:15,Info/Office,,+14086457519,General Contact,Benjamin Franklin Plumbing - San Jose,https://bfplumbingbayarea.com/plumber-san-jose/?utm_campaign=gmb,Plumber
2026-07-20 12:35:15,Info/Office,,+16505372860,General Contact,Rooter Solutions Plumbers,https://www.rootersolutionssj.com/?utm_source=gbp&utm_medium=organic,"Plumber, Gas installation service, Repair service, Septic tank service"
2026-07-20 12:35:15,Info/Office,,+14087036111,General Contact,Mike Counsil Plumbing and Rooter,https://mcplumbing.com/?utm_source=google&utm_medium=profile&utm_campaign=sj,Plumber
2026-07-20 12:35:15,Info/Office,support@discovercabrillo.com,+14153600560,General Contact,"Cabrillo Plumbing, Heating & Air",https://discovercabrillo.com/?utm_source=gmb&utm_medium=organic,"Plumber, Air conditioning contractor, Air conditioning repair service, Air duct cleaning service, Drainage service, Furnace repair service, Heating contractor, Heating equipment supplier, Hot water system supplier, HVAC contractor"
2026-07-20 12:35:15,Info/Office,1500seweranddrain@gmail.com,+14082791515,General Contact,$15 Sewer & Drain Service,https://15sewer.com/,"Plumber, Drainage service, Repair service"
2026-07-20 12:35:15,Info/Office,info@fluiddynamicsplumbing.com,+14087693803,General Contact,"Fluid Dynamics Plumbing, Inc.",https://www.fluiddynamicsplumbing.com/?utm_source=google&utm_medium=gbp,Plumber
2026-07-20 12:35:15,Info/Office,service@eliterootermgt.com,+14088271315,General Contact,Elite Rooter,https://www.eliterooter.com/location/san-jose/?utm_source=google&utm_medium=organic&utm_campaign=gmb,"Plumber, Drainage service, Hot water system supplier, Septic tank service, Water filter supplier, Water softening equipment supplier, Water treatment supplier"
2026-07-20 12:35:15,Info/Office,gogorooter01@gmail.com,+14088821576,General Contact,Gogo Rooter,https://gogorooter.com/,Plumber
2026-07-20 12:35:15,Info/Office,service@flowcityplumbing.com,+14088060696,General Contact,Flow City Plumbing,https://flowcityplumbing.com/,Plumber
2026-07-20 12:35:15,Info/Office,service@plumbersanjose.com,+14088060696,General Contact,Flow City Plumbing,https://flowcityplumbing.com/,Plumber
2026-07-20 12:35:15,Info/Office,freddy@freeundergroundestimates.com,+14086936018,General Contact,"Freedom Underground Plumbing -- Solving your Water, Sewer and Electrical Conduit Needs",https://builtwithfreedom.com/,"Plumber, Drainage service, Gas installation service, Repair service, Utilities contractor"
2026-07-20 12:35:15,Info/Office,plumbingtech1@yahoo.com,+14088362492,General Contact,Plumbing Tech inc.,https://www.rootersanjose.com/,"Plumber, Drainage service, Service establishment"
2026-07-20 12:35:15,Info/Office,jmwaterheatersanddrains@gmail.com,+14085472251,General Contact,JM Water Heaters & Drains,http://jmwaterheatersanddrains.com/?utm_campaign=gmb,"Plumber, Service establishment"
2026-07-20 12:35:15,Info/Office,bestbayplumbing1@gmail.com,+16692783975,General Contact,Best Bay Plumbing And Rooter,http://www.bestbayplumbingandrooter.com/,Plumber
2026-07-20 12:35:15,Info/Office,,+14088593993,General Contact,Best Quality Plumbers,http://bestqualityplumbers.com/,Plumber
2026-07-20 12:35:15,Info/Office,,+14086305462,General Contact,Universal Plumbing & Rooter,https://www.universalplumbingrooter.com/,"Plumber, Drainage service"
2026-07-20 12:35:15,Info/Office,,+14088161005,General Contact,Rooter Hero Plumbing & Air of San Jose,https://rooterhero.com/san-jose,"Plumber, Air conditioning repair shop, HVAC contractor"
2026-07-20 12:35:15,Info/Office,,+14085168724,General Contact,Ribbs Plumbing & Sewer,https://ribbspremierservices.com/,"Plumber, Drainage service, Septic tank service"
2026-07-20 12:35:15,Info/Office,,+14085905033,General Contact,Supreme Rooter & Plumbing,https://www.supremerooter.com/,Plumber
2026-07-20 12:35:15,Info/Office,chandlersplumbing@gmail.com,+14084493443,General Contact,Chandlers Plumbing - Water Heater & Sewer Repair Specialists,http://chandlersplumbing.us/,Plumber
2026-07-20 12:35:15,Info/Office,service@bayareaplumbing.com,+14086619985,General Contact,"Bay Area Plumbing, Rooter & Services",https://bayareaplumbingandrooter.com/,"Plumber, Drainage service"
2026-07-20 12:35:15,Info/Office,wilvercasti@gami.com,+14086619985,General Contact,"Bay Area Plumbing, Rooter & Services",https://bayareaplumbingandrooter.com/,"Plumber, Drainage service"
2026-07-20 12:35:15,Info/Office,aasuperiorplumbing@gmail.com,+14087097370,General Contact,Superior Plumbing & Drain Cleaning Services - San Jose,https://superiorplumbing.net/service-areas/san-jose-plumber/,"Plumber, Drainage service, Hot water system supplier, Repair service, Septic tank service, Water purification company"
2026-07-20 12:35:15,Info/Office,cpi_service@cpiplumb.com,+14085396672,General Contact,"CPI Service, Plumbing, Heating & Cooling",https://cpiservice.com/plumber-san-jose/?utm_source=google&utm_medium=organic&utm_campaign=gmb,"Plumber, Air conditioning contractor, Drainage service, Gas installation service, HVAC contractor"
2026-07-20 12:35:15,Info/Office,service@cpiservice.com,+14085396672,General Contact,"CPI Service, Plumbing, Heating & Cooling",https://cpiservice.com/plumber-san-jose/?utm_source=google&utm_medium=organic&utm_campaign=gmb,"Plumber, Air conditioning contractor, Drainage service, Gas installation service, HVAC contractor"
2026-07-20 12:35:15,Info/Office,gladiatorrepipe@gmail.com,+14087161639,General Contact,Gladiator Repipe & Plumbing San Jose,https://gladiatorrepipe.com/?utm_campaign=gmb,"Plumber, Drainage service"
2026-07-20 12:35:15,Info/Office,almadenvalleyplumbing@gmail.com,+14082686923,General Contact,Almaden Valley Plumbing,http://almadenvalleyplumbing.com/,"Plumber, Service establishment"
2026-07-20 12:35:15,Info/Office,support@almadenvalleyplumbing.com,+14082686923,General Contact,Almaden Valley Plumbing,http://almadenvalleyplumbing.com/,"Plumber, Service establishment"
2026-07-20 12:35:15,Info/Office,kbuenoplumbing@gmail.com,+14084402728,General Contact,Bueno Plumbing and Rooter,https://www.buenoplumbing.com/,"Plumber, Contractor, Drainage service, Gas installation service"
2026-07-20 12:35:15,Info/Office,,+14085396119,General Contact,SWAGS Plumbing and Rooter,https://www.swagsplumbing.com/?utm_source=GBP&utm_medium=GBP,"Plumber, Contractor, Drainage service, Repair service"
2026-07-20 12:35:15,Info/Office,,+14086281236,General Contact,Drain Doctor,https://www.draindoctor.com/,"Plumber, Drainage service, Water damage restoration service"
2026-07-20 12:35:15,Info/Office,service@rayneplumbing.com,+14082830600,General Contact,"Rayne Plumbing & Sewer Service, Inc.",http://www.rayneplumbing.com/,"Plumber, Boiler supplier, Gas installation service"
2026-07-20 12:35:15,Info/Office,,+14085160226,General Contact,24/7 Plumber - Shark Plumbing Services,https://www.sharkplumbers.com/,Plumber
2026-07-20 12:35:15,Info/Office,,+14087948288,General Contact,Ever Plumbing Underground LLC,,"Plumber, Drainage service, Service establishment, Sewage Disposal Service"
2026-07-20 12:35:15,Info/Office,,+14084262806,General Contact,Knockout Plumbing & Repipe Inc.,https://www.knockoutplumbingrepipe.com/?utm_source=google&utm_medium=organic&utm_campaign=GMBListing-Campbell-CA,"Plumber, Drainage service, Pipe supplier"
2026-07-20 12:35:15,Info/Office,info@dnpsolutions.co,+16695006030,General Contact,Drain & Plumbing Solutions Llc,https://www.dnp.solutions/,"Plumber, Drainage service"
2026-07-20 12:35:15,Info/Office,info@mysite.com,+16695006030,General Contact,Drain & Plumbing Solutions Llc,https://www.dnp.solutions/,"Plumber, Drainage service"
2026-07-20 12:35:15,Info/Office,agustinamingote@gmail.com,+14083181639,General Contact,"SAS PLUMBING, INC",http://www.sasplumbinginc.com/,"Plumber, Drainage service, Service establishment"
2026-07-20 12:35:15,Info/Office,amkryukov@gmail.com,+14083181639,General Contact,"SAS PLUMBING, INC",http://www.sasplumbinginc.com/,"Plumber, Drainage service, Service establishment"
2026-07-20 12:35:15,Info/Office,sasplumbingcorp@gmail.com,+14083181639,General Contact,"SAS PLUMBING, INC",http://www.sasplumbinginc.com/,"Plumber, Drainage service, Service establishment"
2026-07-20 12:35:15,Info/Office,,+14088695998,General Contact,Royal Plumbing Services,,Plumber
2026-07-20 12:35:15,Info/Office,,+14083963837,General Contact,Moomau Plumbing,http://www.moomauplumbing.com/,Plumber
2026-07-20 12:35:15,Info/Office,,+14086847401,General Contact,Green Garden Plumber's San Jose,https://greengardenplumbers.com/san-jose/,"Plumber, Home improvement shop"
2026-07-20 12:35:15,Info/Office,,+14086778325,General Contact,Moor Trenchless Plumbing Inc.,https://moorplumbing.com/,"Plumber, Drainage service"
2026-07-20 12:35:15,Info/Office,,+14089636896,General Contact,Miracle Plumbing Inc.,https://www.miracleplumbinginc.com/,Plumber
2026-07-20 12:35:15,Info/Office,,+14083349261,General Contact,Best Bay Plumbing,,Plumber
2026-07-20 12:35:15,Info/Office,,+14082494922,General Contact,Economy Rooter Inc.,http://www.economyrooterplumbing.com/,"Plumber, Service establishment"
2026-07-20 12:35:15,Info/Office,example@mysite.com,+14088071108,General Contact,West Water Plumbing,https://westwaterplumbing.us/,"Plumber, Service establishment"
2026-07-20 12:35:15,Info/Office,kerry@westwaterplumbing.us,+14088071108,General Contact,West Water Plumbing,https://westwaterplumbing.us/,"Plumber, Service establishment"
2026-07-20 12:35:15,Info/Office,,+14086419245,General Contact,Local Rooter and Plumbing,http://wix.to/HvybCzU,Plumber
2026-07-20 12:35:15,Info/Office,,+14088509855,General Contact,Plumbing Pros Supply Warehouse,https://sjplumbingpros.com/,Plumbers' merchant
2026-07-20 12:35:15,Info/Office,jb408bayarea@gmail.com,+14082051443,General Contact,JB Rooter and Plumbing Inc,https://www.jbrooterandplumbing.com/,"Plumber, Drainage service"
2026-07-20 12:35:15,Info/Office,,+14086694222,General Contact,CMS Plumbing,https://www.cmsplumbers.com/,Plumber
2026-07-20 12:35:15,Info/Office,,+14083133914,General Contact,All Go Plumbing and Rooter,https://allgoplumbingandrooter.com/?y_source=1_MTAyOTU0NzIzMy03MTUtbG9jYXRpb24ud2Vic2l0ZQ==,"Plumber, Cleaners, Contractor, Drainage service, Gas installation service, Repair service, Utilities contractor, Water works"
2026-07-20 12:35:15,Info/Office,,+13609470000,General Contact,Top Mark Plumbing,,"Plumber, Service establishment"
2026-07-20 12:35:15,Info/Office,marty_satalinojr@waterqualityplumbing.com,+14082679330,General Contact,Water Quality Plumbing,http://www.waterqualityplumbing.com/,Plumber
2026-07-20 12:35:15,Info/Office,huertajulio1016@gmail.com,+14086493149,General Contact,"Legacy Plumbing & Rooter, Inc.",http://legacyprinc.com/,Plumber
2026-07-20 12:35:15,Info/Office,support@legacyprinc.com,+14086493149,General Contact,"Legacy Plumbing & Rooter, Inc.",http://legacyprinc.com/,Plumber
2026-07-20 12:35:15,Info/Office,service@drainandwater.com,+14085640580,General Contact,Drain And Water,https://www.drainandwater.com/san-jose-ca/,"Plumber, Drainage service, Gas installation service"
2026-07-20 12:35:15,Info/Office,,+14084024044,General Contact,Water Heater Specialists,https://waterheaterrepairsanjose.com/,Plumber
2026-07-20 12:35:15,Info/Office,services@gomezseweranddrain.com,+14088497292,General Contact,Gomez Sewer and Drain,https://gomezseweranddrain.com/,"Plumber, Drainage service, Gas installation service, Hot water system supplier, Septic tank service, Water filter supplier"
2026-07-20 12:35:15,Info/Office,,+14082722272,General Contact,Counsil Plumbing,http://counsilplumbing.com/,Plumber
2026-07-20 12:35:15,Info/Office,,+14088135613,General Contact,Lucky rooter & Plumbing,https://luckyplumbing102.wixsite.com/luckyplumbing,Plumber
2026-07-20 12:35:15,Info/Office,,+14083947910,General Contact,Pipe-Thru Trenchless Plumbing,https://www.pipethrutrenchless.com/,Plumber
2026-07-20 12:35:15,Info/Office,contact@efficientwaterheaterssanjose.com,+16693379311,General Contact,Efficient Water Heaters Inc,http://www.efficientwaterheaterssanjose.com/,Plumber
2026-07-20 12:35:15,Info/Office,,+14082521134,General Contact,California Plumbing,,Plumber
2026-07-20 12:35:15,Info/Office,hensamplum@gmail.com,+18188586357,General Contact,"HenSam Plumbing Services - Best Plumbing Installation & Repair, Water Leak detection",https://hensamplum.com/,"Plumber, Drainage service, Service establishment"
2026-07-20 12:35:15,Info/Office,shehriyarbutt24@gmail.com,+18188586357,General Contact,"HenSam Plumbing Services - Best Plumbing Installation & Repair, Water Leak detection",https://hensamplum.com/,"Plumber, Drainage service, Service establishment"
2026-07-20 12:35:15,Info/Office,,+14082472400,General Contact,Smart Plumbers Inc. DBA Smart Plumbers & Rooters,https://www.smartplumber.com/,Plumber
2026-07-20 12:35:15,Info/Office,,+14086203458,General Contact,ARS/ Rescue Rooter,https://atlastrillo.com/?utm_source=google&utm_medium=gbp&utm_campaign=local_seo&utm_content=gbp_website_click,"Plumber, Air conditioning repair shop, Drainage service, Furnace repair service, Central Heating Service, HVAC contractor, Air conditioning contractor, Water softening equipment supplier"
2026-07-20 12:35:15,Info/Office,,+14086493848,General Contact,Plumbing Tech Repipe Specialists Inc,https://plumbingtechandrepipe.com/,Contractor
2026-07-20 12:35:15,Info/Office,info@pc-homeservices.com,+14082120230,General Contact,Pacific Coast Home Services,http://pc-homeservices.com/,"Plumber, Air conditioning contractor, Air conditioning repair shop, Air duct cleaning service, Furnace repair service, Central Heating Service, HVAC contractor, Electrician"
2026-07-20 12:35:15,Info/Office,sarah@pcehvac.com,+14082120230,General Contact,Pacific Coast Home Services,http://pc-homeservices.com/,"Plumber, Air conditioning contractor, Air conditioning repair shop, Air duct cleaning service, Furnace repair service, Central Heating Service, HVAC contractor, Electrician"
2026-07-20 12:35:15,Info/Office,your@email.com,+14082721423,General Contact,"Alert Plumbing, Inc.",https://www.alertplumbinginc.net/,Plumber
2026-07-20 12:35:15,Info/Office,,+14083327724,General Contact,Unlimited Plumbing Services,,"Plumber, Service establishment"
2026-07-20 12:35:15,Info/Office,info@charleysplumbing.com,+14088357229,General Contact,Charleys Plumbing,http://charleysplumbing.com/,Plumber
2026-07-20 12:35:15,Info/Office,,+14088382942,General Contact,Dependable Water Heaters,,Plumber
2026-07-20 12:35:15,Info/Office,,+14082702279,General Contact,Eagle Plumbing Inc.,,Plumber
