has_email,contact_name,email,phone,job_title,business_name,website,domain,category,review_count,review_rating,address,status,description,place_id,last_crawled_at,crawl_attempts,exported_to_local_csv
yes,Info/Office,1500seweranddrain@gmail.com,+14082791515,General Contact,$15 Sewer & Drain Service,https://15sewer.com/,15sewer.com,"Plumber, Drainage service, Repair service",,,,,,,,0,yes
no,Info/Office,,+14085160226,General Contact,24/7 Plumber - Shark Plumbing Services,https://www.sharkplumbers.com/,sharkplumbers.com,Plumber,,,,,,,2026-07-29 17:07:14.595924,1,yes
no,Info/Office,,+16692134948,General Contact,24/7 Plumber - Shark Plumbing Services,https://www.sharkplumbers.com/,sharkplumbers.com,Plumber,,,,,,,2026-07-29 17:07:14.595924,1,no
yes,Info/Office,abarcasrepipeplumbinginc@gmail.com,+16692268147,General Contact,ABARCAS REPIPE & PLUMBING INC,https://abarcasrepipeandplumbing.com/,abarcasrepipeandplumbing.com,"Plumber, Drainage service, Service establishment",22,5.0,,,,ChIJL8U5ilVcrIsRrLIMWC2gGRU,,0,yes
no,Info/Office,,+14083779990,General Contact,"Able Plumbing, Sewer, and Drain",https://www.ablesewer.com/,ablesewer.com,"Plumber, Septic system service",30,4.2,"1020 Ruff Dr, San Jose, CA 95110, United States",,,ChIJV6ebq4LLj4ARZZxLBkh2eOI,2026-07-30 06:52:16.861436,1,no
yes,Info/Office,your@email.com,+14082721423,General Contact,"Alert Plumbing, Inc.",https://www.alertplumbinginc.net/,alertplumbinginc.net,Plumber,,,,,,,,0,yes
no,Info/Office,,+14083133914,General Contact,All Go Plumbing and Rooter,https://allgoplumbingandrooter.com/?y_source=1_MTAyOTU0NzIzMy03MTUtbG9jYXRpb24ud2Vic2l0ZQ==,allgoplumbingandrooter.com,"Plumber, Cleaners, Contractor, Drainage service, Gas installation service, Repair service, Utilities contractor, Water works",,,,,,,2026-07-29 17:07:14.595924,1,yes
no,Info/Office,,+14084098088,General Contact,Allstar Plumbing,https://goallstar.com/,goallstar.com,"Plumber, Drainage service",,,,,,,2026-07-29 17:07:14.595924,1,yes
yes,Info/Office,almadenvalleyplumbing@gmail.com,+14082686923,General Contact,Almaden Valley Plumbing,http://almadenvalleyplumbing.com/,almadenvalleyplumbing.com,"Plumber, Service establishment",,,,,,,,0,yes
yes,Info/Office,support@almadenvalleyplumbing.com,+14082686923,General Contact,Almaden Valley Plumbing,http://almadenvalleyplumbing.com/,almadenvalleyplumbing.com,"Plumber, Service establishment",,,,,,,,0,yes
no,Info/Office,,+14086203458,General Contact,ARS/ Rescue Rooter,https://atlastrillo.com/?utm_source=google&utm_medium=gbp&utm_campaign=local_seo&utm_content=gbp_website_click,atlastrillo.com,"Plumber, Air conditioning repair shop, Drainage service, Furnace repair service, Central Heating Service, HVAC contractor, Air conditioning contractor, Water softening equipment supplier",,,,,,,2026-07-29 17:07:14.595924,1,yes
yes,Info/Office,service@bayareaplumbing.com,+14086619985,General Contact,"Bay Area Plumbing, Rooter & Services",https://bayareaplumbingandrooter.com/,bayareaplumbingandrooter.com,"Plumber, Drainage service",,,,,,,,0,yes
yes,Info/Office,wilvercasti@gami.com,+14086619985,General Contact,"Bay Area Plumbing, Rooter & Services",https://bayareaplumbingandrooter.com/,bayareaplumbingandrooter.com,"Plumber, Drainage service",,,,,,,,0,yes
no,Info/Office,,+14086457519,General Contact,Benjamin Franklin Plumbing - San Jose,https://bfplumbingbayarea.com/plumber-san-jose/?utm_campaign=gmb,bfplumbingbayarea.com,Plumber,,,,,,,2026-07-29 17:07:14.595924,1,yes
yes,Info/Office,bestbayplumbing1@gmail.com,+16692783975,General Contact,Best Bay Plumbing And Rooter,http://www.bestbayplumbingandrooter.com/,bestbayplumbingandrooter.com,Plumber,,,,,,,,0,yes
no,Info/Office,,+14088593993,General Contact,Best Quality Plumbers,http://bestqualityplumbers.com/,bestqualityplumbers.com,Plumber,,,,,,,2026-07-29 17:07:14.595924,1,yes
yes,Info/Office,kbuenoplumbing@gmail.com,+14084402728,General Contact,Bueno Plumbing and Rooter,https://www.buenoplumbing.com/,buenoplumbing.com,"Plumber, Contractor, Drainage service, Gas installation service",,,,,,,,0,yes
no,Info/Office,,+14084371507,General Contact,Champion Plumbing,http://www.championplumbingproinc.com/,championplumbingproinc.com,Plumber,0,4.0,"701 Kings Row #46A, San Jose, CA 95112, United States",,,,2026-07-30 06:52:16.861436,1,no
yes,Info/Office,chandlersplumbing@gmail.com,+14084493443,General Contact,Chandlers Plumbing - Water Heater & Sewer Repair Specialists,http://chandlersplumbing.us/,chandlersplumbing.us,Plumber,,,,,,,,0,yes
yes,Info/Office,info@charleysplumbing.com,+14088357229,General Contact,Charleys Plumbing,http://charleysplumbing.com/,charleysplumbing.com,Plumber,,,,,,,,0,yes
no,Info/Office,,+14086694222,General Contact,CMS Plumbing,https://www.cmsplumbers.com/,cmsplumbers.com,Plumber,,,,,,,2026-07-29 17:07:14.595924,1,yes
no,Info/Office,,+14082722272,General Contact,Counsil Plumbing,http://counsilplumbing.com/,counsilplumbing.com,Plumber,,,,,,,2026-07-29 17:07:14.595924,1,yes
yes,Info/Office,cpi_service@cpiplumb.com,+14085396672,General Contact,"CPI Service, Plumbing, Heating & Cooling",https://cpiservice.com/plumber-san-jose/?utm_source=google&utm_medium=organic&utm_campaign=gmb,cpiservice.com,"Plumber, Air conditioning contractor, Drainage service, Gas installation service, HVAC contractor",,,,,,,,0,yes
yes,Info/Office,service@cpiservice.com,+14085396672,General Contact,"CPI Service, Plumbing, Heating & Cooling",https://cpiservice.com/plumber-san-jose/?utm_source=google&utm_medium=organic&utm_campaign=gmb,cpiservice.com,"Plumber, Air conditioning contractor, Drainage service, Gas installation service, HVAC contractor",,,,,,,,0,yes
no,Info/Office,,+14082141270,General Contact,Crown Plumbing,https://www.crownplumbingsanjose.com/?utm_source=organic&utm_medium=gbp_listing.,crownplumbingsanjose.com,"Plumber, Bathroom Renovator, Drainage service, Gas installation service, Gasfitter, Hot water system supplier, Water filter supplier, Water treatment supplier",,,,,,,2026-07-29 17:07:14.595924,1,yes
yes,Info/Office,info@dnpsolutions.co,+16695006030,General Contact,Drain & Plumbing Solutions Llc,https://www.dnp.solutions/,dnp.solutions,"Plumber, Drainage service",,,,,,,,0,yes
yes,Info/Office,info@mysite.com,+16695006030,General Contact,Drain & Plumbing Solutions Llc,https://www.dnp.solutions/,dnp.solutions,"Plumber, Drainage service",,,,,,,,0,yes
yes,Info/Office,service@drainandwater.com,+14085640580,General Contact,Drain And Water,https://www.drainandwater.com/san-jose-ca/,drainandwater.com,"Plumber, Drainage service, Gas installation service",,,,,,,,0,yes
no,Info/Office,,+14086281236,General Contact,Drain Doctor,https://www.draindoctor.com/,draindoctor.com,"Plumber, Drainage service, Water damage restoration service",,,,,,,2026-07-29 17:07:14.595924,1,yes
no,Info/Office,,+14082494922,General Contact,Economy Rooter Inc.,http://www.economyrooterplumbing.com/,economyrooterplumbing.com,"Plumber, Service establishment",,,,,,,2026-07-29 17:07:14.595924,1,yes
yes,Info/Office,contact@efficientwaterheaterssanjose.com,+16693379311,General Contact,Efficient Water Heaters Inc,http://www.efficientwaterheaterssanjose.com/,efficientwaterheaterssanjose.com,Plumber,,,,,,,,0,yes
no,Info/Office,,+16508357177,General Contact,EJ Plumbing & Water Heaters,https://www.ejplumbing.com/?utm_campaign=gmb,ejplumbing.com,"Plumber, Drainage service, Electrician",0,4.9,"1170 Martin Ave, Santa Clara, CA 95050, United States",,,,2026-07-29 17:39:44.597852,1,no
yes,Info/Office,service@eliterootermgt.com,+14088271315,General Contact,Elite Rooter,https://www.eliterooter.com/location/san-jose/?utm_source=google&utm_medium=organic&utm_campaign=gmb,eliterooter.com,"Plumber, Drainage service, Hot water system supplier, Septic tank service, Water filter supplier, Water softening equipment supplier, Water treatment supplier",,,,,,,,0,yes
no,Info/Office,,+16692548330,General Contact,Evo Water Heating & Plumbing,http://evowaterheatingplumbing.com/,evowaterheatingplumbing.com,"Plumber, Service establishment",0,4.9,,,,,2026-07-30 06:52:16.861436,1,no
yes,Info/Office,mike@callfalcone.com,+14082929705,General Contact,"Falcone Plumbing, Heating & Air Conditioning",http://www.callfalcone.com/,callfalcone.com,"Plumber, Air conditioning contractor, Air conditioning repair service, Drainage service, Furnace repair service, Gas installation service, Heating contractor, Mechanical contractor, HVAC contractor, Septic system service",0,4.5,"286 Barnard Ave, San Jose, CA 95125, United States",,,,2026-07-30 00:42:35.475406,0,yes
yes,Info/Office,service@callfalcone.com,+14082929705,General Contact,"Falcone Plumbing, Heating & Air Conditioning",http://www.callfalcone.com/,callfalcone.com,"Plumber, Air conditioning contractor, Air conditioning repair service, Drainage service, Furnace repair service, Gas installation service, Heating contractor, Mechanical contractor, HVAC contractor, Septic system service",0,4.5,"286 Barnard Ave, San Jose, CA 95125, United States",,,,2026-07-30 00:42:35.475406,0,yes
yes,Info/Office,service@flowcityplumbing.com,+14088060696,General Contact,Flow City Plumbing,https://flowcityplumbing.com/,flowcityplumbing.com,Plumber,,,,,,,,0,yes
yes,Info/Office,service@plumbersanjose.com,+14088060696,General Contact,Flow City Plumbing,https://flowcityplumbing.com/,flowcityplumbing.com,Plumber,,,,,,,,0,yes
yes,Info/Office,info@fluiddynamicsplumbing.com,+14087693803,General Contact,"Fluid Dynamics Plumbing, Inc.",https://www.fluiddynamicsplumbing.com/?utm_source=google&utm_medium=gbp,fluiddynamicsplumbing.com,Plumber,,,,,,,,0,yes
yes,Info/Office,freddy@freeundergroundestimates.com,+14086936018,General Contact,"Freedom Underground Plumbing -- Solving your Water, Sewer and Electrical Conduit Needs",https://builtwithfreedom.com/,builtwithfreedom.com,"Plumber, Drainage service, Gas installation service, Repair service, Utilities contractor",,,,,,,,0,yes
yes,Info/Office,support@fuseservice.com,+14083802669,General Contact,"Fuse HVAC, Refrigeration, Electrical & Plumbing",http://fuseservice.com/,fuseservice.com,"Plumber, Air conditioning contractor, Air conditioning repair service, Electrician, Service establishment, Heating contractor, HVAC contractor",0,4.9,,,,,2026-07-30 00:42:35.475406,0,yes
no,Info/Office,,+14082154612,General Contact,Genmor Plumbers - San Jose,https://www.genmorplumbing.com/,genmorplumbing.com,"Plumber, Drainage service, Remodeller",,,,,,,2026-07-29 17:07:14.595924,1,yes
no,Info/Office,,+14087063429,General Contact,Georges Plumbing Service Inc.,https://georgesplumbingserviceinc.com/,georgesplumbingserviceinc.com,"Plumber, Service establishment",0,5.0,,,,,2026-07-30 06:52:16.861436,1,no
yes,Info/Office,gladiatorrepipe@gmail.com,+14087161639,General Contact,Gladiator Repipe & Plumbing San Jose,https://gladiatorrepipe.com/?utm_campaign=gmb,gladiatorrepipe.com,"Plumber, Drainage service",,,,,,,,0,yes
yes,Info/Office,gogorooter01@gmail.com,+14088821576,General Contact,Gogo Rooter,https://gogorooter.com/,gogorooter.com,Plumber,,,,,,,,0,yes
yes,Info/Office,services@gomezseweranddrain.com,+14088497292,General Contact,Gomez Sewer and Drain,https://gomezseweranddrain.com/,gomezseweranddrain.com,"Plumber, Drainage service, Gas installation service, Hot water system supplier, Septic tank service, Water filter supplier",,,,,,,,0,yes
no,Info/Office,,+14086847401,General Contact,Green Garden Plumber's San Jose,https://greengardenplumbers.com/san-jose/,greengardenplumbers.com,"Plumber, Home improvement shop",,,,,,,2026-07-29 17:07:14.595924,1,yes
yes,Info/Office,hensamplum@gmail.com,+18188586357,General Contact,"HenSam Plumbing Services - Best Plumbing Installation & Repair, Water Leak detection",https://hensamplum.com/,hensamplum.com,"Plumber, Drainage service, Service establishment",,,,,,,,0,yes
yes,Info/Office,shehriyarbutt24@gmail.com,+18188586357,General Contact,"HenSam Plumbing Services - Best Plumbing Installation & Repair, Water Leak detection",https://hensamplum.com/,hensamplum.com,"Plumber, Drainage service, Service establishment",,,,,,,,0,yes
yes,Info/Office,hoglensplumbing@gmail.com,+14086084296,General Contact,Hoglen's Plumbing & Rooter,https://hoglensplumbing.com/,hoglensplumbing.com,"Plumber, Contractor, Service establishment",0,5.0,,,,,2026-07-30 00:42:35.475406,0,yes
yes,Info/Office,consult@mail.com,+14083173919,General Contact,IRBIS HVAC Inc,https://www.irbishvac.com/,irbishvac.com,"Plumber, Air conditioning contractor, Air duct cleaning service, Electrician, Furnace repair service, Heating contractor, HVAC contractor",0,4.9,"2210 Lundy Ave, San Jose, CA 95131, United States",,,,2026-07-30 00:42:35.475406,0,yes
yes,Info/Office,support@irbishvac.com,+14083173919,General Contact,IRBIS HVAC Inc,https://www.irbishvac.com/,irbishvac.com,"Plumber, Air conditioning contractor, Air duct cleaning service, Electrician, Furnace repair service, Heating contractor, HVAC contractor",0,4.9,"2210 Lundy Ave, San Jose, CA 95131, United States",,,,2026-07-30 00:42:35.475406,0,yes
yes,Info/Office,jb408bayarea@gmail.com,+14082051443,General Contact,JB Rooter and Plumbing Inc,https://www.jbrooterandplumbing.com/,jbrooterandplumbing.com,"Plumber, Drainage service",,,,,,,,0,yes
yes,Info/Office,jmwaterheatersanddrains@gmail.com,+14085472251,General Contact,JM Water Heaters & Drains,http://jmwaterheatersanddrains.com/?utm_campaign=gmb,jmwaterheatersanddrains.com,"Plumber, Service establishment",,,,,,,,0,yes
no,Info/Office,,+14084262806,General Contact,Knockout Plumbing & Repipe Inc.,https://www.knockoutplumbingrepipe.com/?utm_source=google&utm_medium=organic&utm_campaign=GMBListing-Campbell-CA,knockoutplumbingrepipe.com,"Plumber, Drainage service, Pipe supplier",,,,,,,2026-07-29 17:07:14.595924,1,yes
yes,Info/Office,huertajulio1016@gmail.com,+14086493149,General Contact,"Legacy Plumbing & Rooter, Inc.",http://legacyprinc.com/,legacyprinc.com,Plumber,,,,,,,,0,yes
yes,Info/Office,support@legacyprinc.com,+14086493149,General Contact,"Legacy Plumbing & Rooter, Inc.",http://legacyprinc.com/,legacyprinc.com,Plumber,,,,,,,,0,yes
yes,Info/Office,localrooterandplumbing@gmail.com,+14086419245,General Contact,Local Rooter and Plumbing,http://wix.to/HvybCzU,wix.to,Plumber,,,,,,,2026-07-29 17:07:14.595924,1,yes
no,Info/Office,,+14086419245,General Contact,Local Rooter and Plumbing,http://wix.to/HvybCzU,wix.to,Plumber,,,,,,,2026-07-29 17:07:14.595924,1,yes
no,Info/Office,,+14088135613,General Contact,Lucky rooter & Plumbing,https://luckyplumbing102.wixsite.com/luckyplumbing,luckyplumbing102.wixsite.com,Plumber,,,,,,,2026-07-29 17:07:14.595924,1,yes
no,Info/Office,,+14087036111,General Contact,Mike Counsil Plumbing and Rooter,https://mcplumbing.com/?utm_source=google&utm_medium=profile&utm_campaign=sj,mcplumbing.com,Plumber,,,,,,,2026-07-29 17:07:14.595924,1,yes
no,Info/Office,,+14089636896,General Contact,Miracle Plumbing Inc.,https://www.miracleplumbinginc.com/,miracleplumbinginc.com,Plumber,,,,,,,2026-07-29 17:07:14.595924,1,yes
no,Info/Office,,+14083963837,General Contact,Moomau Plumbing,http://www.moomauplumbing.com/,moomauplumbing.com,Plumber,,,,,,,2026-07-29 17:07:14.595924,1,yes
no,Info/Office,,+14086778325,General Contact,Moor Trenchless Plumbing Inc.,https://moorplumbing.com/,moorplumbing.com,"Plumber, Drainage service",,,,,,,2026-07-29 17:07:14.595924,1,yes
no,Info/Office,,+14086681532,General Contact,Mr. Reliable Plumbing & Heating,https://mrreliablephc.com/?utm_campaign=gmb,mrreliablephc.com,"Plumber, Air conditioning contractor, Drainage service, Furnace repair service, HVAC contractor",,,,,,,2026-07-29 17:07:14.595924,1,yes
yes,Info/Office,info@pc-homeservices.com,+14082120230,General Contact,Pacific Coast Home Services,http://pc-homeservices.com/,pc-homeservices.com,"Plumber, Air conditioning contractor, Air conditioning repair shop, Air duct cleaning service, Furnace repair service, Central Heating Service, HVAC contractor, Electrician",,,,,,,,0,yes
yes,Info/Office,sarah@pcehvac.com,+14082120230,General Contact,Pacific Coast Home Services,http://pc-homeservices.com/,pc-homeservices.com,"Plumber, Air conditioning contractor, Air conditioning repair shop, Air duct cleaning service, Furnace repair service, Central Heating Service, HVAC contractor, Electrician",,,,,,,,0,yes
yes,Info/Office,info@peakhomeserviceca.com,+16693366955,General Contact,PEAK Home Service,https://peakhomeserviceca.com/,peakhomeserviceca.com,"Plumber, Service establishment",0,5.0,,,,,2026-07-30 00:42:35.475406,0,yes
no,Info/Office,,+14083947910,General Contact,Pipe-Thru Trenchless Plumbing,https://www.pipethrutrenchless.com/,pipethrutrenchless.com,Plumber,,,,,,,2026-07-29 17:07:14.595924,1,yes
no,Info/Office,,+14087162395,General Contact,Plumber San Jose,http://www.plumbersanjose.com/,plumbersanjose.com,Plumber,0,5.0,"900 N 11th St, San Jose, CA 95112, United States",,,,2026-07-30 06:52:16.861436,1,no
no,Info/Office,,+14088268551,General Contact,Plumbing & Drainage Pros San Jose,http://sanjose-plumbing-pro.com/,sanjose-plumbing-pro.com,"Plumber, Drainage service",14,5.0,"2055 Gateway Pl #241, San Jose, CA 95110, United States",,,ChIJFQzO5aTMj4ARWjiy5TAbpQ4,2026-07-30 06:52:16.861436,1,no
yes,Info/Office,plumbingtech1@yahoo.com,+14088362492,General Contact,Plumbing Tech inc.,https://www.rootersanjose.com/,rootersanjose.com,"Plumber, Drainage service, Service establishment",,,,,,,,0,yes
yes,Info/Office,contactus@plumbtreeplumbing.com,+14085168746,General Contact,Plumbtree Plumbing & Rooter,https://plumbtreeplumbing.com/?utm_campaign=gmb&utm_medium=organic&utm_source=google,plumbtreeplumbing.com,"Plumber, Drainage service, Hot water system supplier, Water filter supplier, Water softening equipment supplier",864,4.9,"210 Paraiso Ct, San Jose, CA 95119, United States",,,ChIJpWuLJfgvjoARCIrnxriTCh0,,0,yes
yes,Info/Office,team@latofonts.com,+14083813438,General Contact,"Prime Pipe Solutions, Inc",https://primepipesolutions.com/,primepipesolutions.com,"Plumber, Service establishment",32,5.0,,,,ChIJq143YEGmSYMRvisQ2jXSfkE,2026-07-30 06:52:16.861436,0,yes
yes,Info/Office,service@rayneplumbing.com,+14082830600,General Contact,"Rayne Plumbing & Sewer Service, Inc.",http://www.rayneplumbing.com/,rayneplumbing.com,"Plumber, Boiler supplier, Gas installation service",,,,,,,,0,yes
no,Info/Office,,+14085168724,General Contact,Ribbs Plumbing & Sewer,https://ribbspremierservices.com/,ribbspremierservices.com,"Plumber, Drainage service, Septic tank service",,,,,,,2026-07-29 17:07:14.595924,1,yes
no,Info/Office,,+14088161005,General Contact,Rooter Hero Plumbing & Air of San Jose,https://rooterhero.com/san-jose,rooterhero.com,"Plumber, Air conditioning repair shop, HVAC contractor",,,,,,,2026-07-29 17:07:14.595924,1,yes
no,Info/Office,,+16505372860,General Contact,Rooter Solutions Plumbers,https://www.rootersolutionssj.com/?utm_source=gbp&utm_medium=organic,rootersolutionssj.com,"Plumber, Gas installation service, Repair service, Septic tank service",,,,,,,2026-07-29 17:07:14.595924,1,yes
yes,Info/Office,customerservice@sjwater.com,+14082797900,General Contact,San Jose Water,http://www.sjwater.com/,sjwater.com,Water utility company,100,1.7,"110 W Taylor St, San Jose, CA 95110, United States",,,ChIJ8woceYLMj4ARdbekyUYj0Os,,0,yes
yes,Info/Office,agustinamingote@gmail.com,+14083181639,General Contact,"SAS PLUMBING, INC",http://www.sasplumbinginc.com/,sasplumbinginc.com,"Plumber, Drainage service, Service establishment",,,,,,,,0,yes
yes,Info/Office,amkryukov@gmail.com,+14083181639,General Contact,"SAS PLUMBING, INC",http://www.sasplumbinginc.com/,sasplumbinginc.com,"Plumber, Drainage service, Service establishment",,,,,,,,0,yes
yes,Info/Office,sasplumbingcorp@gmail.com,+14083181639,General Contact,"SAS PLUMBING, INC",http://www.sasplumbinginc.com/,sasplumbinginc.com,"Plumber, Drainage service, Service establishment",,,,,,,,0,yes
no,Info/Office,,+14085497376,General Contact,Service Champions,https://www.servicechampions.net/san-jose/hvac?utm_source=gbp&utm_medium=organic&utm_campaign=SJ_GBP,servicechampions.net,"Plumber, Air conditioning contractor, Air conditioning repair service, Electrical installation service, Electrician, Furnace repair service, Heating contractor, Insulation contractor, HVAC contractor, Water filter supplier",0,4.8,"2161 Del Franco St, San Jose, CA 95131, United States",,,,2026-07-30 06:52:16.861436,1,no
no,Info/Office,,+14083484065,General Contact,Shogun Plumbing,https://www.shogunplumbing.com/,shogunplumbing.com,"Plumber, Drainage service, Service establishment, Repair service, Water filter supplier, Water softening equipment supplier, Water testing service",39,5.0,,,,ChIJl4g3W2UciaMRXxuiHlcpTiA,2026-07-30 06:52:16.861436,1,no
no,Info/Office,,+14082472400,General Contact,Smart Plumbers Inc. DBA Smart Plumbers & Rooters,https://www.smartplumber.com/,smartplumber.com,Plumber,,,,,,,2026-07-29 17:07:14.595924,1,yes
no,Info/Office,,+14086228183,General Contact,SPS Plumbing - Water Heater Repair & Installation,https://www.spsplumbing.biz/,spsplumbing.biz,Plumber,,,,,,,2026-07-29 17:07:14.595924,1,yes
no,Info/Office,,+14083511994,General Contact,"Super Brothers Plumbing, Heating & Air - San Jose",https://www.superbrothers.com/cities/san-jose/?utm_campaign=gmb,superbrothers.com,"Plumber, Air conditioning contractor, Air conditioning repair shop, Bathroom Renovator, Drainage service, Electrician, Furnace repair service, Gasfitter, Central Heating Service, HVAC contractor",,,,,,,2026-07-29 17:07:14.595924,1,yes
yes,Info/Office,aasuperiorplumbing@gmail.com,+14087097370,General Contact,Superior Plumbing & Drain Cleaning Services - San Jose,https://superiorplumbing.net/service-areas/san-jose-plumber/,superiorplumbing.net,"Plumber, Drainage service, Hot water system supplier, Repair service, Septic tank service, Water purification company",,,,,,,,0,yes
no,Info/Office,,+14085905033,General Contact,Supreme Rooter & Plumbing,https://www.supremerooter.com/,supremerooter.com,Plumber,,,,,,,2026-07-29 17:07:14.595924,1,yes
no,Info/Office,,+14085396119,General Contact,SWAGS Plumbing and Rooter,https://www.swagsplumbing.com/?utm_source=GBP&utm_medium=GBP,swagsplumbing.com,"Plumber, Contractor, Drainage service, Repair service",,,,,,,2026-07-29 17:07:14.595924,1,yes
no,Info/Office,,+14086305462,General Contact,Universal Plumbing & Rooter,https://www.universalplumbingrooter.com/,universalplumbingrooter.com,"Plumber, Drainage service",,,,,,,2026-07-29 17:07:14.595924,1,yes
no,Info/Office,,+14084024044,General Contact,Water Heater Specialists,https://waterheaterrepairsanjose.com/,waterheaterrepairsanjose.com,Plumber,,,,,,,2026-07-29 17:07:14.595924,1,yes
yes,Info/Office,help@waterheatersonly.com,+14084120017,General Contact,"Water Heaters Only, Inc",https://www.waterheaters-sanjose.com/,waterheaters-sanjose.com,"Plumber, Hot water system supplier",614,4.9,"1780E Old Bayshore Hwy, San Jose, CA 95112, United States",,,,2026-07-30 06:52:16.861436,0,yes
yes,Info/Office,example@mysite.com,+14088071108,General Contact,West Water Plumbing,https://westwaterplumbing.us/,westwaterplumbing.us,"Plumber, Service establishment",,,,,,,,0,yes
yes,Info/Office,kerry@westwaterplumbing.us,+14088071108,General Contact,West Water Plumbing,https://westwaterplumbing.us/,westwaterplumbing.us,"Plumber, Service establishment",,,,,,,,0,yes
